Workbook

Sheet Lớp
A1: Giáo xứ Chợ Cầu
A2: Xứ đoàn Giáo Hoàng Phaolô VI
A3: Năm Học 2025-2026
A4: DANH SÁCH LỚP _______________________
A6: U
C7: Giáo Lý Viên:
A10: STT | B10: MSTN | C10: Tên Thánh | D10: Họ và Tên (TN1C) | F10: Ngày sinh | G10: Ghi chú
A12: =IF(E12="","",COUNTA($E$12:E12))
A13: =IF(E13="","",COUNTA($E$12:E13))
A14: =IF(E14="","",COUNTA($E$12:E14))
A15: =IF(E15="","",COUNTA($E$12:E15))
A16: =IF(E16="","",COUNTA($E$12:E16))
A17: =IF(E17="","",COUNTA($E$12:E17))
A18: =IF(E18="","",COUNTA($E$12:E18))
A19: =IF(E19="","",COUNTA($E$12:E19))
A20: =IF(E20="","",COUNTA($E$12:E20))
A21: =IF(E21="","",COUNTA($E$12:E21))
A22: =IF(E22="","",COUNTA($E$12:E22))
A23: =IF(E23="","",COUNTA($E$12:E23))
... A55: =IF(E55="","",COUNTA($E$12:E55))

Sheet Điểm danh HK1
A1: Giáo xứ Chợ Cầu
A2: Xứ đoàn Giáo Hoàng Phaolô VI
A3: Năm Học 2025-2026
A4: BẢNG ĐIỂM DANH LỚP _______________
A6: U
C7: Giáo Lý Viên:
BF9: 0.1 | BG9: 0.3 | BH9: 0.1 | BJ9: 8.7
A10: STT | B10: MSTN | C10: Tên Thánh | D10: Họ và Tên (TN1C) | F10: Ngày sinh | G10: 7/9 | I10: 11/9 | J10: 14/9 | L10: 18/9 | M10: 28/9 | O10: 2/10 | P10: 5/10 | R10: 9/10 | S10: 12/10 | U10: 16/10 | V10: 19/10 | X10: 23/10 | Y10: 26/10 | AA10: 30/10 | AB10: 2/11 | AD10: 6/11 | AE10: 9/11 | AG10: 13/11 | AH10: 16/11 | AJ10: 20/11 | AK10: 23/11 | AM10: 27/11 | AN10: 30/11 | AP10: 4/12 | AQ10: 7/12 | AS10: 11/12 | AT10: 14/12 | AV10: 18/12 | AW10: 21/12 | AY10: 28/12 | BA10: 4/1 | BC10: 8/1 | BD10: 11/1 | BF10: TỔNG (51 buổi) | BI10: ĐIỂM | BJ10: TB ĐIỂM SỐNG ĐẠO
G11: L | H11: H | I11: T5 | J11: L | K11: H | L11: T5 | M11: L | N11: H | O11: T5 | P11: L | Q11: H | R11: T5 | S11: L | T11: H | U11: T5 | V11: L | W11: H | X11: T5 | Y11: L | Z11: H | AA11: T5 | AB11: L | AC11: H | AD11: T5 | AE11: L | AF11: H | AG11: T5 | AH11: L | AI11: H | AJ11: T5 | AK11: L | AL11: H | AM11: T5 | AN11: L | AO11: H | AP11: T5 | AQ11: L | AR11: H | AS11: T5 | AT11: L | AU11: H | AV11: T5 | AW11: L | AX11: H | AY11: L | AZ11: H | BA11: L | BB11: H | BC11: T5 | BD11: L | BE11: H | BF11: L | BG11: H | BH11: T5
F12: 41941 | BF12: =SUM(G12,J12,M12,P12,S12,V12,Y12,AB12,AE12,AH12,AK12,AN12,AQ12,AT12,AW12,AY12,BA12,BD12) -> 0 | BG12: =SUM(H12,K12,N12,Q12,T12,W12,Z12,AC12,AF12,AI12,AL12,AO12,AR12,AU12,AX12,AZ12,BB12,BE12) -> 0 | BH12: =SUM(I12,L12,O12,R12,U12,X12,AA12,AD12,AG12,AJ12,AM12,AP12,AS12,AV12,BC12) -> 0 | BI12: =SUM((BF12*$BF$9+BG12*$BG$9+BH12*$BH$9)) -> 0 | BJ12: =(BI12/$BJ$9)*10 -> 0
F13: 42224 | BF13: =SUM(G13,J13,M13,P13,S13,V13,Y13,AB13,AE13,AH13,AK13,AN13,AQ13,AT13,AW13,AY13,BA13,BD13) -> 0 | BG13: =SUM(H13,K13,N13,Q13,T13,W13,Z13,AC13,AF13,AI13,AL13,AO13,AR13,AU13,AX13,AZ13,BB13,BE13) -> 0 | BH13: =SUM(I13,L13,O13,R13,U13,X13,AA13,AD13,AG13,AJ13,AM13,AP13,AS13,AV13,BC13) -> 0 | BI13: =SUM((BF13*$BF$9+BG13*$BG$9+BH13*$BH$9)) -> 0 | BJ13: =(BI13/$BJ$9)*10 -> 0
F14: 41640 | BF14: =SUM(G14,J14,M14,P14,S14,V14,Y14,AB14,AE14,AH14,AK14,AN14,AQ14,AT14,AW14,AY14,BA14,BD14) -> 0 | BG14: =SUM(H14,K14,N14,Q14,T14,W14,Z14,AC14,AF14,AI14,AL14,AO14,AR14,AU14,AX14,AZ14,BB14,BE14) -> 0 | BH14: =SUM(I14,L14,O14,R14,U14,X14,AA14,AD14,AG14,AJ14,AM14,AP14,AS14,AV14,BC14) -> 0 | BI14: =SUM((BF14*$BF$9+BG14*$BG$9+BH14*$BH$9)) -> 0 | BJ14: =(BI14/$BJ$9)*10 -> 0
F15: 42154 | BF15: =SUM(G15,J15,M15,P15,S15,V15,Y15,AB15,AE15,AH15,AK15,AN15,AQ15,AT15,AW15,AY15,BA15,BD15) -> 0 | BG15: =SUM(H15,K15,N15,Q15,T15,W15,Z15,AC15,AF15,AI15,AL15,AO15,AR15,AU15,AX15,AZ15,BB15,BE15) -> 0 | BH15: =SUM(I15,L15,O15,R15,U15,X15,AA15,AD15,AG15,AJ15,AM15,AP15,AS15,AV15,BC15) -> 0 | BI15: =SUM((BF15*$BF$9+BG15*$BG$9+BH15*$BH$9)) -> 0 | BJ15: =(BI15/$BJ$9)*10 -> 0
F16: 42269 | BF16: =SUM(G16,J16,M16,P16,S16,V16,Y16,AB16,AE16,AH16,AK16,AN16,AQ16,AT16,AW16,AY16,BA16,BD16) -> 0 | BG16: =SUM(H16,K16,N16,Q16,T16,W16,Z16,AC16,AF16,AI16,AL16,AO16,AR16,AU16,AX16,AZ16,BB16,BE16) -> 0 | BH16: =SUM(I16,L16,O16,R16,U16,X16,AA16,AD16,AG16,AJ16,AM16,AP16,AS16,AV16,BC16) -> 0 | BI16: =SUM((BF16*$BF$9+BG16*$BG$9+BH16*$BH$9)) -> 0 | BJ16: =(BI16/$BJ$9)*10 -> 0
F17: 42325 | BF17: =SUM(G17,J17,M17,P17,S17,V17,Y17,AB17,AE17,AH17,AK17,AN17,AQ17,AT17,AW17,AY17,BA17,BD17) -> 0 | BG17: =SUM(H17,K17,N17,Q17,T17,W17,Z17,AC17,AF17,AI17,AL17,AO17,AR17,AU17,AX17,AZ17,BB17,BE17) -> 0 | BH17: =SUM(I17,L17,O17,R17,U17,X17,AA17,AD17,AG17,AJ17,AM17,AP17,AS17,AV17,BC17) -> 0 | BI17: =SUM((BF17*$BF$9+BG17*$BG$9+BH17*$BH$9)) -> 0 | BJ17: =(BI17/$BJ$9)*10 -> 0
F18: 41986 | BF18: =SUM(G18,J18,M18,P18,S18,V18,Y18,AB18,AE18,AH18,AK18,AN18,AQ18,AT18,AW18,AY18,BA18,BD18) -> 0 | BG18: =SUM(H18,K18,N18,Q18,T18,W18,Z18,AC18,AF18,AI18,AL18,AO18,AR18,AU18,AX18,AZ18,BB18,BE18) -> 0 | BH18: =SUM(I18,L18,O18,R18,U18,X18,AA18,AD18,AG18,AJ18,AM18,AP18,AS18,AV18,BC18) -> 0 | BI18: =SUM((BF18*$BF$9+BG18*$BG$9+BH18*$BH$9)) -> 0 | BJ18: =(BI18/$BJ$9)*10 -> 0
F19: 42220 | BF19: =SUM(G19,J19,M19,P19,S19,V19,Y19,AB19,AE19,AH19,AK19,AN19,AQ19,AT19,AW19,AY19,BA19,BD19) -> 0 | BG19: =SUM(H19,K19,N19,Q19,T19,W19,Z19,AC19,AF19,AI19,AL19,AO19,AR19,AU19,AX19,AZ19,BB19,BE19) -> 0 | BH19: =SUM(I19,L19,O19,R19,U19,X19,AA19,AD19,AG19,AJ19,AM19,AP19,AS19,AV19,BC19) -> 0 | BI19: =SUM((BF19*$BF$9+BG19*$BG$9+BH19*$BH$9)) -> 0 | BJ19: =(BI19/$BJ$9)*10 -> 0
F20: 42347 | BF20: =SUM(G20,J20,M20,P20,S20,V20,Y20,AB20,AE20,AH20,AK20,AN20,AQ20,AT20,AW20,AY20,BA20,BD20) -> 0 | BG20: =SUM(H20,K20,N20,Q20,T20,W20,Z20,AC20,AF20,AI20,AL20,AO20,AR20,AU20,AX20,AZ20,BB20,BE20) -> 0 | BH20: =SUM(I20,L20,O20,R20,U20,X20,AA20,AD20,AG20,AJ20,AM20,AP20,AS20,AV20,BC20) -> 0 | BI20: =SUM((BF20*$BF$9+BG20*$BG$9+BH20*$BH$9)) -> 0 | BJ20: =(BI20/$BJ$9)*10 -> 0
F21: 42196 | BF21: =SUM(G21,J21,M21,P21,S21,V21,Y21,AB21,AE21,AH21,AK21,AN21,AQ21,AT21,AW21,AY21,BA21,BD21) -> 0 | BG21: =SUM(H21,K21,N21,Q21,T21,W21,Z21,AC21,AF21,AI21,AL21,AO21,AR21,AU21,AX21,AZ21,BB21,BE21) -> 0 | BH21: =SUM(I21,L21,O21,R21,U21,X21,AA21,AD21,AG21,AJ21,AM21,AP21,AS21,AV21,BC21) -> 0 | BI21: =SUM((BF21*$BF$9+BG21*$BG$9+BH21*$BH$9)) -> 0 | BJ21: =(BI21/$BJ$9)*10 -> 0
F22: 42221 | BF22: =SUM(G22,J22,M22,P22,S22,V22,Y22,AB22,AE22,AH22,AK22,AN22,AQ22,AT22,AW22,AY22,BA22,BD22) -> 0 | BG22: =SUM(H22,K22,N22,Q22,T22,W22,Z22,AC22,AF22,AI22,AL22,AO22,AR22,AU22,AX22,AZ22,BB22,BE22) -> 0 | BH22: =SUM(I22,L22,O22,R22,U22,X22,AA22,AD22,AG22,AJ22,AM22,AP22,AS22,AV22,BC22) -> 0 | BI22: =SUM((BF22*$BF$9+BG22*$BG$9+BH22*$BH$9)) -> 0 | BJ22: =(BI22/$BJ$9)*10 -> 0
F23: 42011 | BF23: =SUM(G23,J23,M23,P23,S23,V23,Y23,AB23,AE23,AH23,AK23,AN23,AQ23,AT23,AW23,AY23,BA23,BD23) -> 0 | BG23: =SUM(H23,K23,N23,Q23,T23,W23,Z23,AC23,AF23,AI23,AL23,AO23,AR23,AU23,AX23,AZ23,BB23,BE23) -> 0 | BH23: =SUM(I23,L23,O23,R23,U23,X23,AA23,AD23,AG23,AJ23,AM23,AP23,AS23,AV23,BC23) -> 0 | BI23: =SUM((BF23*$BF$9+BG23*$BG$9+BH23*$BH$9)) -> 0 | BJ23: =(BI23/$BJ$9)*10 -> 0
... F54: 42113 | BF54: =SUM(G54,J54,M54,P54,S54,V54,Y54,AB54,AE54,AH54,AK54,AN54,AQ54,AT54,AW54,AY54,BA54,BD54) -> 0 | BG54: =SUM(H54,K54,N54,Q54,T54,W54,Z54,AC54,AF54,AI54,AL54,AO54,AR54,AU54,AX54,AZ54,BB54,BE54) -> 0 | BH54: =SUM(I54,L54,O54,R54,U54,X54,AA54,AD54,AG54,AJ54,AM54,AP54,AS54,AV54,BC54) -> 0 | BI54: =SUM((BF54*$BF$9+BG54*$BG$9+BH54*$BH$9)) -> 0 | BJ54: =(BI54/$BJ$9)*10 -> 0
BF55: =SUM(G55,J55,M55,P55,S55,V55,Y55,AB55,AE55,AH55,AK55,AN55,AQ55,AT55,AW55,AY55,BA55,BD55) -> 0 | BG55: =SUM(H55,K55,N55,Q55,T55,W55,Z55,AC55,AF55,AI55,AL55,AO55,AR55,AU55,AX55,AZ55,BB55,BE55) -> 0 | BH55: =SUM(I55,L55,O55,R55,U55,X55,AA55,AD55,AG55,AJ55,AM55,AP55,AS55,AV55,BC55) -> 0 | BI55: =SUM((BF55*$BF$9+BG55*$BG$9+BH55*$BH$9)) -> 0 | BJ55: =(BI55/$BJ$9)*10 -> 0
A60: =IF(E60="","",COUNTA($E$12:E60))
A61: =IF(E61="","",COUNTA($E$12:E61))
A62: =IF(E62="","",COUNTA($E$12:E62))
A63: =IF(E63="","",COUNTA($E$12:E63))
A64: =IF(E64="","",COUNTA($E$12:E64))
A65: =IF(E65="","",COUNTA($E$12:E65))
A66: =IF(E66="","",COUNTA($E$12:E66))
A67: =IF(E67="","",COUNTA($E$12:E67))
A68: =IF(E68="","",COUNTA($E$12:E68))
A69: =IF(E69="","",COUNTA($E$12:E69))
A70: =IF(E70="","",COUNTA($E$12:E70))
A71: =IF(E71="","",COUNTA($E$12:E71))
... A98: =IF(E98="","",COUNTA($E$12:E98))

Sheet Điểm HK1
A1: Giáo xứ Chợ Cầu
A2: Xứ đoàn Giáo Hoàng Phaolô VI
A3: Năm Học 2025-2026
A4: BẢNG ĐIỂM HK1 LỚP _____________
A6: U
C7: Giáo Lý Viên: | D7: Vincentê Phan Thành Thạc
D8: Giuse Nguyễn Duy Phúc
D9: Têrêsa Lã Ngọc Phương Vy
D10: Têrêsa Nguyễn Võ Ánh Ngọc
A12: STT | B12: MSTN | C12: Tên Thánh | D12: Họ và Tên (TN1C) | F12: Ngày sinh | G12: M | H12: 1T | I12: Thi | J12: TB Giáo Lý | K12: TB Sống Đạo | L12: TB HK1 | M12: Ghi Chú
A14: =IF(E14="","",COUNTA($E$14:E14)) | J14: =SUM(I14*3+H14*2+G14*1)/6 -> 0 | K14: ='Điểm danh HK1'!BJ12 -> 0 | L14: =SUM(J14:K14)/2 -> 0
A15: =IF(E15="","",COUNTA($E$14:E15)) | J15: =SUM(I15*3+H15*2+G15*1)/6 -> 0 | K15: ='Điểm danh HK1'!BJ13 -> 0 | L15: =SUM(J15:K15)/2 -> 0
A16: =IF(E16="","",COUNTA($E$14:E16)) | J16: =SUM(I16*3+H16*2+G16*1)/6 -> 0 | K16: ='Điểm danh HK1'!BJ14 -> 0 | L16: =SUM(J16:K16)/2 -> 0
A17: =IF(E17="","",COUNTA($E$14:E17)) | J17: =SUM(I17*3+H17*2+G17*1)/6 -> 0 | K17: ='Điểm danh HK1'!BJ15 -> 0 | L17: =SUM(J17:K17)/2 -> 0
A18: =IF(E18="","",COUNTA($E$14:E18)) | J18: =SUM(I18*3+H18*2+G18*1)/6 -> 0 | K18: ='Điểm danh HK1'!BJ16 -> 0 | L18: =SUM(J18:K18)/2 -> 0
A19: =IF(E19="","",COUNTA($E$14:E19)) | J19: =SUM(I19*3+H19*2+G19*1)/6 -> 0 | K19: ='Điểm danh HK1'!BJ17 -> 0 | L19: =SUM(J19:K19)/2 -> 0
A20: =IF(E20="","",COUNTA($E$14:E20)) | J20: =SUM(I20*3+H20*2+G20*1)/6 -> 0 | K20: ='Điểm danh HK1'!BJ18 -> 0 | L20: =SUM(J20:K20)/2 -> 0
A21: =IF(E21="","",COUNTA($E$14:E21)) | J21: =SUM(I21*3+H21*2+G21*1)/6 -> 0 | K21: ='Điểm danh HK1'!BJ19 -> 0 | L21: =SUM(J21:K21)/2 -> 0
A22: =IF(E22="","",COUNTA($E$14:E22)) | J22: =SUM(I22*3+H22*2+G22*1)/6 -> 0 | K22: ='Điểm danh HK1'!BJ20 -> 0 | L22: =SUM(J22:K22)/2 -> 0
A23: =IF(E23="","",COUNTA($E$14:E23)) | J23: =SUM(I23*3+H23*2+G23*1)/6 -> 0 | K23: ='Điểm danh HK1'!BJ21 -> 0 | L23: =SUM(J23:K23)/2 -> 0
A24: =IF(E24="","",COUNTA($E$14:E24)) | J24: =SUM(I24*3+H24*2+G24*1)/6 -> 0 | K24: ='Điểm danh HK1'!BJ22 -> 0 | L24: =SUM(J24:K24)/2 -> 0
A25: =IF(E25="","",COUNTA($E$14:E25)) | J25: =SUM(I25*3+H25*2+G25*1)/6 -> 0 | K25: ='Điểm danh HK1'!BJ23 -> 0 | L25: =SUM(J25:K25)/2 -> 0
... A57: =IF(E57="","",COUNTA($E$14:E57)) | J57: =SUM(I57*3+H57*2+G57*1)/6 -> 0 | K57: ='Điểm danh HK1'!BJ55 -> 0 | L57: =SUM(J57:K57)/2 -> 0
A58: =IF(E58="","",COUNTA($E$14:E58))
A59: =IF(E59="","",COUNTA($E$14:E59))
A60: =IF(E60="","",COUNTA($E$14:E60))
A61: =IF(E61="","",COUNTA($E$14:E61))
A62: =IF(E62="","",COUNTA($E$14:E62))
A63: =IF(E63="","",COUNTA($E$14:E63))
A64: =IF(E64="","",COUNTA($E$14:E64))
A65: =IF(E65="","",COUNTA($E$14:E65))
A66: =IF(E66="","",COUNTA($E$14:E66))
A67: =IF(E67="","",COUNTA($E$14:E67))
A68: =IF(E68="","",COUNTA($E$14:E68))
A69: =IF(E69="","",COUNTA($E$14:E69))
... A100: =IF(E100="","",COUNTA($E$14:E100))

Sheet Dữ liệu thiếu nhi
A1: THÔNG TIN DỮ LIỆU THIẾU NHI
A2: STT | B2: MSTN | C2: Tên Thánh | D2: Họ và Tên | F2: Ngày sinh | G2: Lớp | H2: Giới tính | I2: Địa Chỉ | J2: Đường | K2: Phường | L2: Quận | M2: Giáo Họ | N2: Tên Thánh Cha | O2: Họ Tên Cha | P2: Tên Thánh Mẹ | Q2: Họ Tên Mẹ | R2: Tên Thánh Người Giám Hộ | S2: Họ Tên Người Giám Hộ | T2: SĐT Cá Nhân | U2: SĐT Cha | V2: SĐT Mẹ | W2: SĐT Người Giám Hộ | X2: Quan Thầy | Y2: Rửa Tội | Z2: Rước Lễ | AA2: Thêm Sức | AB2: Tuyên Hứa
A3: 1 | B3: 2022/003 | C3: Isave | D3: Nguyễn Gia | E3: An | F3: 41941 | G3: TN1C | H3: Nữ | I3: . | J3: . | K3: . | L3: . | M3: . | N3: Giuse | O3: Nguyễn Đức Hùng | P3: Rôsa | Q3: Nguyễn Thị Thanh Thủy | R3: . | S3: . | T3: . | U3: 0903 340 422 | V3: 0907 707 301 | W3: . | X3: . | Y3: . | Z3: . | AA3: . | AB3: .
A4: 2 | B4: 2024/093 | C4: Cecilia | D4: Đinh Ngọc Quỳnh | E4: Anh | F4: 42327 | G4: TN1C | H4: Nữ | I4: . | J4: . | K4: . | L4: . | M4: . | N4: Phaolo | O4: Đinh Đức Dũng | P4: Teresa | Q4: Bùi Thị Kim Phương | R4: . | S4: . | T4: . | U4: . | V4: . | W4: . | X4: . | Y4: 02/01/2016 | Z4: . | AA4: . | AB4: .
A5: 3 | B5: 2022/011 | C5: Maria | D5: Lê Ngọc | E5: Anh | F5: 42224 | G5: TN1C | H5: Nữ | I5: F50 KDC Tân Tiến | J5: . | K5: Tân Thới Hiệp | L5: 12 | M5: . | N5: Inhaxiô | O5: Lê Quốc Hưởng | P5: Matta | Q5: Võ Thị Thương | R5: . | S5: . | T5: . | U5: 0973 771 440 | V5: 0933 603 440 | W5: . | X5: . | Y5: 06/09/2015 | Z5: . | AA5: . | AB5: .
A6: 4 | B6: 2023/011 | C6: Matta | D6: Nguyễn Hoài Trúc | E6: Anh | F6: 41640 | G6: TN1C | H6: Nữ | I6: 49/7 | J6: Thống Nhất | K6: 13 | L6: Gò Vấp | M6: Giáo xứ Hà Nội | N6: Phêrô | O6: Nguyễn Hoài Nam | P6: Lucia | Q6: Võ Thị Trúc Ly | R6: . | S6: . | T6: . | U6: 0908 840 854 | V6: 0765 857 516 | W6: . | X6: . | Y6: 02/03/2014 | Z6: . | AA6: . | AB6: .
A7: 5 | B7: 2021/091 | C7: Maria | D7: Nguyễn Ngọc Quỳnh | E7: Anh | F7: 42154 | G7: TN1C | H7: Nữ | I7: . | J7: . | K7: . | L7: . | M7: . | N7: . | O7: . | P7: . | Q7: . | R7: . | S7: Bà ngoại | T7: . | U7: . | V7: . | W7: 0917 220 289 | X7: . | Y7: . | Z7: . | AA7: . | AB7: .
A8: 6 | B8: 2021/016 | C8: Maria | D8: Nguyễn Quỳnh | E8: Anh | F8: 42269 | G8: TN1C | H8: Nữ | I8: 1005/9 tổ 3 | J8: . | K8: Đông Hưng Thuận | L8: 12 | M8: . | N8: Giuse | O8: Nguyễn Văn Hải | P8: Maria | Q8: Nguyễn Thị Hồng Tiên | R8: . | S8: . | T8: . | U8: 0906 154 048 | V8: 0909 537 209 | W8: . | X8: . | Y8: . | Z8: . | AA8: . | AB8: .
A9: 7 | B9: 2022/156 | C9: Anna | D9: Phạm Quỳnh Phúc | E9: Anh | F9: 42325 | G9: TN1C | H9: Nữ | I9: 1134/16/7/27 | J9: . | K9: Đông Hưng Thuận | L9: 12 | M9: Anna | N9: Giuse | O9: Phạm Văn Phúc | P9: Anna | Q9: Phạm Đặng Thùy Trinh | R9: . | S9: . | T9: . | U9: 0797 025 270 | V9: 0869 025 270 | W9: . | X9: 26/07 | Y9: 03/01/2016 | Z9: . | AA9: . | AB9: .
A10: 8 | B10: 2022/031 | C10: Maria | D10: Trần Ngọc Lan | E10: Anh | F10: 41986 | G10: TN1C | H10: Nữ | I10: 74/10 | J10: . | K10: Đông Hưng Thuận | L10: 12 | M10: Giuse Lao Động | N10: Phanxicô | O10: Trần Bảo Quốc | P10: Maria | Q10: H'Beo Buôn Krông | R10: . | S10: . | T10: . | U10: . | V10: 0332 487 419 | W10: . | X10: . | Y10: 01/02/2015 | Z10: . | AA10: . | AB10: .
A11: 9 | B11: 2022/054 | C11: Giuse | D11: Tô Nguyễn Thiên | E11: Ân | F11: 42220 | G11: TN1C | H11: Nam | I11: 44659 | J11: Nguyễn Văn Quá | K11: Đông Hưng Thuận | L11: 12 | M11: Đức Mẹ Ban Ơn | N11: Giuse | O11: Tô Văn Tâm | P11: Matta | Q11: Nguyễn Thị Hạnh | R11: . | S11: . | T11: . | U11: 0963 588 262 | V11: 0974 435 627 | W11: . | X11: . | Y11: 13/09/2015 | Z11: . | AA11: . | AB11: .
A12: 10 | B12: 2024/114 | C12: Têrêsa | D12: Phạm Bảo | E12: Châu | F12: 42347 | G12: TN1C | H12: Nữ | I12: 1152/39 | J12: . | K12: Tân Thới Hiệp | L12: 12 | M12: . | N12: Giuse | O12: Phạm Quốc Việt | P12: Anna | Q12: Vũ Hoàng Oanh | R12: . | S12: . | T12: . | U12: 0973 841 941 | V12: 0982 225 797 | W12: . | X12: . | Y12: 03/01/2016 | Z12: . | AA12: . | AB12: .
A13: 11 | B13: 2020/072 | C13: Maria | D13: Vũ Bảo | E13: Châu | F13: 42196 | G13: TN1C | H13: Nữ | I13: 50 | J13: ĐHT10 | K13: Đông Hưng Thuận | L13: 12 | M13: Giuse Lao Động | N13: Giuse | O13: Vũ Đức Thành | P13: Têrêsa | Q13: Vũ Ngọc Phương Uyên | R13: . | S13: . | T13: . | U13: 0937 010 137 | V13: 0937 586 323 | W13: . | X13: . | Y13: 07/09/2015 | Z13: . | AA13: . | AB13: .
A14: 12 | B14: 2021/037 | C14: Phaolô | D14: Mai Hoàng Trí | E14: Dũng | F14: 42221 | G14: TN1C | H14: Nam | I14: 35/5 tổ 5 | J14: . | K14: Đông Hưng Thuận | L14: 12 | M14: Anna | N14: Phero | O14: Mai Văn Hậu | P14: Teresa | Q14: Bùi Thị Thu Thủy | R14: . | S14: . | T14: . | U14: 0909 029 886 | V14: 0985 696 863 | W14: . | X14: 29/06 | Y14: . | Z14: . | AA14: . | AB14: .
... A48: 46 | B48: 2022/197 | C48: Maria | D48: Võ Trần Khánh | E48: Vy | F48: 42044 | G48: TN1C | H48: Nữ | I48: 80A | J48: HT05 | K48: Hiệp Thành | L48: 12 | M48: . | N48: . | O48: Võ Tấn Dũng | P48: Maria Mađalêna | Q48: Trần Thị Hồng Vân | R48: . | S48: . | T48: . | U48: 0969 730 454 | V48: 0392 553 676 | W48: . | X48: . | Y48: 02/09/2022 | Z48: . | AA48: . | AB48: .
A49: 47 | B49: 2025/090 | C49: Teresa | D49: Nguyễn Ngọc Bảo | E49: Nghi | F49: 42113 | G49: TN1C | H49: Nữ | I49: 113/6 | J49: Tân Thới Hiệp 13 | K49: Tân Thới Hiệp | L49: 12 | M49: Bình Thái | N49: Giuse Maria | O49: Nguyễn An Khang | P49: Lucia | Q49: Trần Thị Thu Oanh | U49: 0941588866 | V49: 0896898996 | Y49: 42155 | Z49: 45830
A50: 48 | C50: Phaolo | D50: Trần Đình Quốc | E50: Triệu | F50: 29/11/2014 | G50: TN1C | H50: Nam | K50: Tân Thới Hiệp | L50: 12 | N50: Vincente | O50: Trần Đình Tuấn | P50: Teresa | Q50: Dương Thị Mơ
